#
# Basic testing of the protocol_mode variable.
#

# Save default value.

SET @start_value = @@global.binlog_rows_table_metadata_events;
SELECT @start_value;
@start_value
0

# Default values.

SET @@global.binlog_rows_table_metadata_events = 1;
SET @@global.binlog_rows_table_metadata_events = DEFAULT;
SELECT @@global.binlog_rows_table_metadata_events;
@@global.binlog_rows_table_metadata_events
0
SET @@global.binlog_rows_table_metadata_events = @start_value;
SELECT @@global.binlog_rows_table_metadata_events = 0;
@@global.binlog_rows_table_metadata_events = 0
1

# Valid values.

SET @@global.binlog_rows_table_metadata_events = 0;
SELECT @@global.binlog_rows_table_metadata_events;
@@global.binlog_rows_table_metadata_events
0
SET @@global.binlog_rows_table_metadata_events = 1;
SELECT @@global.binlog_rows_table_metadata_events;
@@global.binlog_rows_table_metadata_events
1
SET @@global.binlog_rows_table_metadata_events = TRUE;
SELECT @@global.binlog_rows_table_metadata_events;
@@global.binlog_rows_table_metadata_events
1
SET @@global.binlog_rows_table_metadata_events = FALSE;
SELECT @@global.binlog_rows_table_metadata_events;
@@global.binlog_rows_table_metadata_events
0
SET @@global.binlog_rows_table_metadata_events = ON;
SELECT @@global.binlog_rows_table_metadata_events;
@@global.binlog_rows_table_metadata_events
1
SET @@global.binlog_rows_table_metadata_events = OFF;
SELECT @@global.binlog_rows_table_metadata_events;
@@global.binlog_rows_table_metadata_events
0

# Invalid values.

SET @@global.binlog_rows_table_metadata_events = -1;
ERROR 42000: Variable 'binlog_rows_table_metadata_events' can't be set to the value of '-1'
SELECT @@global.binlog_rows_table_metadata_events;
@@global.binlog_rows_table_metadata_events
0
SET @@global.binlog_rows_table_metadata_events = 4294967296;
ERROR 42000: Variable 'binlog_rows_table_metadata_events' can't be set to the value of '4294967296'
SELECT @@global.binlog_rows_table_metadata_events;
@@global.binlog_rows_table_metadata_events
0
SET @@global.binlog_rows_table_metadata_events = 10240022115;
ERROR 42000: Variable 'binlog_rows_table_metadata_events' can't be set to the value of '10240022115'
SELECT @@global.binlog_rows_table_metadata_events;
@@global.binlog_rows_table_metadata_events
0
SET @@global.binlog_rows_table_metadata_events = 10000.01;
ERROR 42000: Incorrect argument type to variable 'binlog_rows_table_metadata_events'
SELECT @@global.binlog_rows_table_metadata_events;
@@global.binlog_rows_table_metadata_events
0
SET @@global.binlog_rows_table_metadata_events = -1024;
ERROR 42000: Variable 'binlog_rows_table_metadata_events' can't be set to the value of '-1024'
SELECT @@global.binlog_rows_table_metadata_events;
@@global.binlog_rows_table_metadata_events
0
SET @@global.binlog_rows_table_metadata_events = 42949672950;
ERROR 42000: Variable 'binlog_rows_table_metadata_events' can't be set to the value of '42949672950'
SELECT @@global.binlog_rows_table_metadata_events;
@@global.binlog_rows_table_metadata_events
0
SET @@global.binlog_rows_table_metadata_events = 'test';
ERROR 42000: Variable 'binlog_rows_table_metadata_events' can't be set to the value of 'test'
SELECT @@global.binlog_rows_table_metadata_events;
@@global.binlog_rows_table_metadata_events
0

# Information schema global/session variables tables.

SELECT IF(@@global.binlog_rows_table_metadata_events, "ON", "OFF") = VARIABLE_VALUE
FROM INFORMATION_SCHEMA.GLOBAL_VARIABLES
WHERE VARIABLE_NAME='binlog_rows_table_metadata_events';
IF(@@global.binlog_rows_table_metadata_events, "ON", "OFF") = VARIABLE_VALUE
1
SELECT IF(@@binlog_rows_table_metadata_events, "ON", "OFF") = VARIABLE_VALUE
FROM INFORMATION_SCHEMA.SESSION_VARIABLES
WHERE VARIABLE_NAME='binlog_rows_table_metadata_events';
IF(@@binlog_rows_table_metadata_events, "ON", "OFF") = VARIABLE_VALUE
1

# Scope.

SET @@global.binlog_rows_table_metadata_events = 1;
SELECT @@binlog_rows_table_metadata_events = @@global.binlog_rows_table_metadata_events;
@@binlog_rows_table_metadata_events = @@global.binlog_rows_table_metadata_events
0
SET local.binlog_rows_table_metadata_events = 1;
ERROR 42000: You have an error in your SQL syntax; check the manual that corresponds to your MySQL server version for the right syntax to use near 'binlog_rows_table_metadata_events = 1' at line 1
SELECT local.binlog_rows_table_metadata_events;
ERROR 42S02: Unknown table 'local' in field list
SET global.binlog_rows_table_metadata_events = 1;
ERROR 42000: You have an error in your SQL syntax; check the manual that corresponds to your MySQL server version for the right syntax to use near 'binlog_rows_table_metadata_events = 1' at line 1
SELECT global.binlog_rows_table_metadata_events;
ERROR 42S02: Unknown table 'global' in field list
SELECT binlog_rows_table_metadata_events = @@session.binlog_rows_table_metadata_events;
ERROR 42S22: Unknown column 'binlog_rows_table_metadata_events' in 'field list'

# Restore default value.

SET @@global.binlog_rows_table_metadata_events = @start_value;
SELECT @@global.binlog_rows_table_metadata_events;
@@global.binlog_rows_table_metadata_events
0
