SET @start_global_value = @@global.innodb_anticipatory_flushing;
SELECT @start_global_value;
@start_global_value
1
Valid values are 'ON' and 'OFF'
select @@global.innodb_anticipatory_flushing in (0, 1);
@@global.innodb_anticipatory_flushing in (0, 1)
1
select @@global.innodb_anticipatory_flushing;
@@global.innodb_anticipatory_flushing
1
select @@session.innodb_anticipatory_flushing;
ERROR HY000: Variable 'innodb_anticipatory_flushing' is a GLOBAL variable
show global variables like 'innodb_anticipatory_flushing';
Variable_name	Value
innodb_anticipatory_flushing	ON
show session variables like 'innodb_anticipatory_flushing';
Variable_name	Value
innodb_anticipatory_flushing	ON
select * from information_schema.global_variables where variable_name='innodb_anticipatory_flushing';
VARIABLE_NAME	VARIABLE_VALUE
INNODB_ANTICIPATORY_FLUSHING	ON
select * from information_schema.session_variables where variable_name='innodb_anticipatory_flushing';
VARIABLE_NAME	VARIABLE_VALUE
INNODB_ANTICIPATORY_FLUSHING	ON
set global innodb_anticipatory_flushing='OFF';
select @@global.innodb_anticipatory_flushing;
@@global.innodb_anticipatory_flushing
0
select * from information_schema.global_variables where variable_name='innodb_anticipatory_flushing';
VARIABLE_NAME	VARIABLE_VALUE
INNODB_ANTICIPATORY_FLUSHING	OFF
select * from information_schema.session_variables where variable_name='innodb_anticipatory_flushing';
VARIABLE_NAME	VARIABLE_VALUE
INNODB_ANTICIPATORY_FLUSHING	OFF
set @@global.innodb_anticipatory_flushing=1;
select @@global.innodb_anticipatory_flushing;
@@global.innodb_anticipatory_flushing
1
select * from information_schema.global_variables where variable_name='innodb_anticipatory_flushing';
VARIABLE_NAME	VARIABLE_VALUE
INNODB_ANTICIPATORY_FLUSHING	ON
select * from information_schema.session_variables where variable_name='innodb_anticipatory_flushing';
VARIABLE_NAME	VARIABLE_VALUE
INNODB_ANTICIPATORY_FLUSHING	ON
set global innodb_anticipatory_flushing=0;
select @@global.innodb_anticipatory_flushing;
@@global.innodb_anticipatory_flushing
0
select * from information_schema.global_variables where variable_name='innodb_anticipatory_flushing';
VARIABLE_NAME	VARIABLE_VALUE
INNODB_ANTICIPATORY_FLUSHING	OFF
select * from information_schema.session_variables where variable_name='innodb_anticipatory_flushing';
VARIABLE_NAME	VARIABLE_VALUE
INNODB_ANTICIPATORY_FLUSHING	OFF
set @@global.innodb_anticipatory_flushing='ON';
select @@global.innodb_anticipatory_flushing;
@@global.innodb_anticipatory_flushing
1
select * from information_schema.global_variables where variable_name='innodb_anticipatory_flushing';
VARIABLE_NAME	VARIABLE_VALUE
INNODB_ANTICIPATORY_FLUSHING	ON
select * from information_schema.session_variables where variable_name='innodb_anticipatory_flushing';
VARIABLE_NAME	VARIABLE_VALUE
INNODB_ANTICIPATORY_FLUSHING	ON
set session innodb_anticipatory_flushing='OFF';
ERROR HY000: Variable 'innodb_anticipatory_flushing' is a GLOBAL variable and should be set with SET GLOBAL
set @@session.innodb_anticipatory_flushing='ON';
ERROR HY000: Variable 'innodb_anticipatory_flushing' is a GLOBAL variable and should be set with SET GLOBAL
set global innodb_anticipatory_flushing=1.1;
ERROR 42000: Incorrect argument type to variable 'innodb_anticipatory_flushing'
set global innodb_anticipatory_flushing=1e1;
ERROR 42000: Incorrect argument type to variable 'innodb_anticipatory_flushing'
set global innodb_anticipatory_flushing=2;
ERROR 42000: Variable 'innodb_anticipatory_flushing' can't be set to the value of '2'
NOTE: The following should fail with ER_WRONG_VALUE_FOR_VAR (BUG#50643)
set global innodb_anticipatory_flushing=-3;
select @@global.innodb_anticipatory_flushing;
@@global.innodb_anticipatory_flushing
1
select * from information_schema.global_variables where variable_name='innodb_anticipatory_flushing';
VARIABLE_NAME	VARIABLE_VALUE
INNODB_ANTICIPATORY_FLUSHING	ON
select * from information_schema.session_variables where variable_name='innodb_anticipatory_flushing';
VARIABLE_NAME	VARIABLE_VALUE
INNODB_ANTICIPATORY_FLUSHING	ON
set global innodb_anticipatory_flushing='AUTO';
ERROR 42000: Variable 'innodb_anticipatory_flushing' can't be set to the value of 'AUTO'
SET @@global.innodb_anticipatory_flushing = @start_global_value;
SELECT @@global.innodb_anticipatory_flushing;
@@global.innodb_anticipatory_flushing
1
